Company Name,Industry,Symbol,Series,ISIN Code,mcURL
ABB India Ltd.,Capital Goods,ABB.NS,EQ,INE117A01022,http://www.moneycontrol.com/stocks/cptmarket/compsearchnew.php?search_data=&cid=&mbsearch_str=&topsearch_type=1&search_str=INE117A01022
ACC Ltd.,Construction Materials,ACC.NS,EQ,INE012A01025,http://www.moneycontrol.com/stocks/cptmarket/compsearchnew.php?search_data=&cid=&mbsearch_str=&topsearch_type=1&search_str=INE012A01025
AU Small Finance Bank Ltd.,Financial Services,AUBANK.NS,EQ,INE949L01017,http://www.moneycontrol.com/stocks/cptmarket/compsearchnew.php?search_data=&cid=&mbsearch_str=&topsearch_type=1&search_str=INE949L01017
Abbott India Ltd.,Healthcare,ABBOTINDIA.NS,EQ,INE358A01014,http://www.moneycontrol.com/stocks/cptmarket/compsearchnew.php?search_data=&cid=&mbsearch_str=&topsearch_type=1&search_str=INE358A01014
Adani Enterprises Ltd.,Metals & Mining,ADANIENT.NS,EQ,INE423A01024,http://www.moneycontrol.com/stocks/cptmarket/compsearchnew.php?search_data=&cid=&mbsearch_str=&topsearch_type=1&search_str=INE423A01024
Adani Green Energy Ltd.,Power,ADANIGREEN.NS,EQ,INE364U01010,http://www.moneycontrol.com/stocks/cptmarket/compsearchnew.php?search_data=&cid=&mbsearch_str=&topsearch_type=1&search_str=INE364U01010
Adani Ports and Special Economic Zone Ltd.,Services,ADANIPORTS.NS,EQ,INE742F01042,http://www.moneycontrol.com/stocks/cptmarket/compsearchnew.php?search_data=&cid=&mbsearch_str=&topsearch_type=1&search_str=INE742F01042
Adani Total Gas Ltd.,Oil Gas & Consumable Fuels,ATGL.NS,EQ,INE399L01023,http://www.moneycontrol.com/stocks/cptmarket/compsearchnew.php?search_data=&cid=&mbsearch_str=&topsearch_type=1&search_str=INE399L01023
Adani Transmission Ltd.,Power,ADANITRANS.NS,EQ,INE931S01010,http://www.moneycontrol.com/stocks/cptmarket/compsearchnew.php?search_data=&cid=&mbsearch_str=&topsearch_type=1&search_str=INE931S01010
Adani Wilmar Ltd.,Fast Moving Consumer Goods,AWL.NS,EQ,INE699H01024,http://www.moneycontrol.com/stocks/cptmarket/compsearchnew.php?search_data=&cid=&mbsearch_str=&topsearch_type=1&search_str=INE699H01024
Aditya Birla Capital Ltd.,Financial Services,ABCAPITAL.NS,EQ,INE674K01013,http://www.moneycontrol.com/stocks/cptmarket/compsearchnew.php?search_data=&cid=&mbsearch_str=&topsearch_type=1&search_str=INE674K01013
Aditya Birla Fashion and Retail Ltd.,Consumer Services,ABFRL.NS,EQ,INE647O01011,http://www.moneycontrol.com/stocks/cptmarket/compsearchnew.php?search_data=&cid=&mbsearch_str=&topsearch_type=1&search_str=INE647O01011
Alkem Laboratories Ltd.,Healthcare,ALKEM.NS,EQ,INE540L01014,http://www.moneycontrol.com/stocks/cptmarket/compsearchnew.php?search_data=&cid=&mbsearch_str=&topsearch_type=1&search_str=INE540L01014
Ambuja Cements Ltd.,Construction Materials,AMBUJACEM.NS,EQ,INE079A01024,http://www.moneycontrol.com/stocks/cptmarket/compsearchnew.php?search_data=&cid=&mbsearch_str=&topsearch_type=1&search_str=INE079A01024
Apollo Hospitals Enterprise Ltd.,Healthcare,APOLLOHOSP.NS,EQ,INE437A01024,http://www.moneycontrol.com/stocks/cptmarket/compsearchnew.php?search_data=&cid=&mbsearch_str=&topsearch_type=1&search_str=INE437A01024
Ashok Leyland Ltd.,Capital Goods,ASHOKLEY.NS,EQ,INE208A01029,http://www.moneycontrol.com/stocks/cptmarket/compsearchnew.php?search_data=&cid=&mbsearch_str=&topsearch_type=1&search_str=INE208A01029
Asian Paints Ltd.,Consumer Durables,ASIANPAINT.NS,EQ,INE021A01026,http://www.moneycontrol.com/stocks/cptmarket/compsearchnew.php?search_data=&cid=&mbsearch_str=&topsearch_type=1&search_str=INE021A01026
Astral Ltd.,Capital Goods,ASTRAL.NS,EQ,INE006I01046,http://www.moneycontrol.com/stocks/cptmarket/compsearchnew.php?search_data=&cid=&mbsearch_str=&topsearch_type=1&search_str=INE006I01046
Aurobindo Pharma Ltd.,Healthcare,AUROPHARMA.NS,EQ,INE406A01037,http://www.moneycontrol.com/stocks/cptmarket/compsearchnew.php?search_data=&cid=&mbsearch_str=&topsearch_type=1&search_str=INE406A01037
Avenue Supermarts Ltd.,Consumer Services,DMART.NS,EQ,INE192R01011,http://www.moneycontrol.com/stocks/cptmarket/compsearchnew.php?search_data=&cid=&mbsearch_str=&topsearch_type=1&search_str=INE192R01011
Axis Bank Ltd.,Financial Services,AXISBANK.NS,EQ,INE238A01034,http://www.moneycontrol.com/stocks/cptmarket/compsearchnew.php?search_data=&cid=&mbsearch_str=&topsearch_type=1&search_str=INE238A01034
Bajaj Auto Ltd.,Automobile and Auto Components,BAJAJ-AUTO.NS,EQ,INE917I01010,http://www.moneycontrol.com/stocks/cptmarket/compsearchnew.php?search_data=&cid=&mbsearch_str=&topsearch_type=1&search_str=INE917I01010
Bajaj Finance Ltd.,Financial Services,BAJFINANCE.NS,EQ,INE296A01024,http://www.moneycontrol.com/stocks/cptmarket/compsearchnew.php?search_data=&cid=&mbsearch_str=&topsearch_type=1&search_str=INE296A01024
Bajaj Finserv Ltd.,Financial Services,BAJAJFINSV.NS,EQ,INE918I01026,http://www.moneycontrol.com/stocks/cptmarket/compsearchnew.php?search_data=&cid=&mbsearch_str=&topsearch_type=1&search_str=INE918I01026
Bajaj Holdings & Investment Ltd.,Financial Services,BAJAJHLDNG.NS,EQ,INE118A01012,http://www.moneycontrol.com/stocks/cptmarket/compsearchnew.php?search_data=&cid=&mbsearch_str=&topsearch_type=1&search_str=INE118A01012
Balkrishna Industries Ltd.,Automobile and Auto Components,BALKRISIND.NS,EQ,INE787D01026,http://www.moneycontrol.com/stocks/cptmarket/compsearchnew.php?search_data=&cid=&mbsearch_str=&topsearch_type=1&search_str=INE787D01026
Bandhan Bank Ltd.,Financial Services,BANDHANBNK.NS,EQ,INE545U01014,http://www.moneycontrol.com/stocks/cptmarket/compsearchnew.php?search_data=&cid=&mbsearch_str=&topsearch_type=1&search_str=INE545U01014
Bank of Baroda,Financial Services,BANKBARODA.NS,EQ,INE028A01039,http://www.moneycontrol.com/stocks/cptmarket/compsearchnew.php?search_data=&cid=&mbsearch_str=&topsearch_type=1&search_str=INE028A01039
Bank of India,Financial Services,BANKINDIA.NS,EQ,INE084A01016,http://www.moneycontrol.com/stocks/cptmarket/compsearchnew.php?search_data=&cid=&mbsearch_str=&topsearch_type=1&search_str=INE084A01016
Bata India Ltd.,Consumer Durables,BATAINDIA.NS,EQ,INE176A01028,http://www.moneycontrol.com/stocks/cptmarket/compsearchnew.php?search_data=&cid=&mbsearch_str=&topsearch_type=1&search_str=INE176A01028
Berger Paints India Ltd.,Consumer Durables,BERGEPAINT.NS,EQ,INE463A01038,http://www.moneycontrol.com/stocks/cptmarket/compsearchnew.php?search_data=&cid=&mbsearch_str=&topsearch_type=1&search_str=INE463A01038
Bharat Electronics Ltd.,Capital Goods,BEL.NS,EQ,INE263A01024,http://www.moneycontrol.com/stocks/cptmarket/compsearchnew.php?search_data=&cid=&mbsearch_str=&topsearch_type=1&search_str=INE263A01024
Bharat Forge Ltd.,Capital Goods,BHARATFORG.NS,EQ,INE465A01025,http://www.moneycontrol.com/stocks/cptmarket/compsearchnew.php?search_data=&cid=&mbsearch_str=&topsearch_type=1&search_str=INE465A01025
Bharat Heavy Electricals Ltd.,Capital Goods,BHEL.NS,EQ,INE257A01026,http://www.moneycontrol.com/stocks/cptmarket/compsearchnew.php?search_data=&cid=&mbsearch_str=&topsearch_type=1&search_str=INE257A01026
Bharat Petroleum Corporation Ltd.,Oil Gas & Consumable Fuels,BPCL.NS,EQ,INE029A01011,http://www.moneycontrol.com/stocks/cptmarket/compsearchnew.php?search_data=&cid=&mbsearch_str=&topsearch_type=1&search_str=INE029A01011
Bharti Airtel Ltd.,Telecommunication,BHARTIARTL.NS,EQ,INE397D01024,http://www.moneycontrol.com/stocks/cptmarket/compsearchnew.php?search_data=&cid=&mbsearch_str=&topsearch_type=1&search_str=INE397D01024
Biocon Ltd.,Healthcare,BIOCON.NS,EQ,INE376G01013,http://www.moneycontrol.com/stocks/cptmarket/compsearchnew.php?search_data=&cid=&mbsearch_str=&topsearch_type=1&search_str=INE376G01013
Bosch Ltd.,Automobile and Auto Components,BOSCHLTD.NS,EQ,INE323A01026,http://www.moneycontrol.com/stocks/cptmarket/compsearchnew.php?search_data=&cid=&mbsearch_str=&topsearch_type=1&search_str=INE323A01026
Britannia Industries Ltd.,Fast Moving Consumer Goods,BRITANNIA.NS,EQ,INE216A01030,http://www.moneycontrol.com/stocks/cptmarket/compsearchnew.php?search_data=&cid=&mbsearch_str=&topsearch_type=1&search_str=INE216A01030
Canara Bank,Financial Services,CANBK.NS,EQ,INE476A01014,http://www.moneycontrol.com/stocks/cptmarket/compsearchnew.php?search_data=&cid=&mbsearch_str=&topsearch_type=1&search_str=INE476A01014
Cholamandalam Investment and Finance Company Ltd.,Financial Services,CHOLAFIN.NS,EQ,INE121A01024,http://www.moneycontrol.com/stocks/cptmarket/compsearchnew.php?search_data=&cid=&mbsearch_str=&topsearch_type=1&search_str=INE121A01024
Cipla Ltd.,Healthcare,CIPLA.NS,EQ,INE059A01026,http://www.moneycontrol.com/stocks/cptmarket/compsearchnew.php?search_data=&cid=&mbsearch_str=&topsearch_type=1&search_str=INE059A01026
Clean Science and Technology Ltd.,Chemicals,CLEAN.NS,EQ,INE227W01023,http://www.moneycontrol.com/stocks/cptmarket/compsearchnew.php?search_data=&cid=&mbsearch_str=&topsearch_type=1&search_str=INE227W01023
Coal India Ltd.,Oil Gas & Consumable Fuels,COALINDIA.NS,EQ,INE522F01014,http://www.moneycontrol.com/stocks/cptmarket/compsearchnew.php?search_data=&cid=&mbsearch_str=&topsearch_type=1&search_str=INE522F01014
Coforge Ltd.,Information Technology,COFORGE.NS,EQ,INE591G01017,http://www.moneycontrol.com/stocks/cptmarket/compsearchnew.php?search_data=&cid=&mbsearch_str=&topsearch_type=1&search_str=INE591G01017
Colgate Palmolive (India) Ltd.,Fast Moving Consumer Goods,COLPAL.NS,EQ,INE259A01022,http://www.moneycontrol.com/stocks/cptmarket/compsearchnew.php?search_data=&cid=&mbsearch_str=&topsearch_type=1&search_str=INE259A01022
Container Corporation of India Ltd.,Services,CONCOR.NS,EQ,INE111A01025,http://www.moneycontrol.com/stocks/cptmarket/compsearchnew.php?search_data=&cid=&mbsearch_str=&topsearch_type=1&search_str=INE111A01025
Coromandel International Ltd.,Chemicals,COROMANDEL.NS,EQ,INE169A01031,http://www.moneycontrol.com/stocks/cptmarket/compsearchnew.php?search_data=&cid=&mbsearch_str=&topsearch_type=1&search_str=INE169A01031
Crompton Greaves Consumer Electricals Ltd.,Consumer Durables,CROMPTON.NS,EQ,INE299U01018,http://www.moneycontrol.com/stocks/cptmarket/compsearchnew.php?search_data=&cid=&mbsearch_str=&topsearch_type=1&search_str=INE299U01018
Cummins India Ltd.,Capital Goods,CUMMINSIND.NS,EQ,INE298A01020,http://www.moneycontrol.com/stocks/cptmarket/compsearchnew.php?search_data=&cid=&mbsearch_str=&topsearch_type=1&search_str=INE298A01020
DLF Ltd.,Realty,DLF.NS,EQ,INE271C01023,http://www.moneycontrol.com/stocks/cptmarket/compsearchnew.php?search_data=&cid=&mbsearch_str=&topsearch_type=1&search_str=INE271C01023
Dabur India Ltd.,Fast Moving Consumer Goods,DABUR.NS,EQ,INE016A01026,http://www.moneycontrol.com/stocks/cptmarket/compsearchnew.php?search_data=&cid=&mbsearch_str=&topsearch_type=1&search_str=INE016A01026
Dalmia Bharat Ltd.,Construction Materials,DALBHARAT.NS,EQ,INE00R701025,http://www.moneycontrol.com/stocks/cptmarket/compsearchnew.php?search_data=&cid=&mbsearch_str=&topsearch_type=1&search_str=INE00R701025
Deepak Nitrite Ltd.,Chemicals,DEEPAKNTR.NS,EQ,INE288B01029,http://www.moneycontrol.com/stocks/cptmarket/compsearchnew.php?search_data=&cid=&mbsearch_str=&topsearch_type=1&search_str=INE288B01029
Delhivery Ltd.,Services,DELHIVERY.NS,EQ,INE148O01028,http://www.moneycontrol.com/stocks/cptmarket/compsearchnew.php?search_data=&cid=&mbsearch_str=&topsearch_type=1&search_str=INE148O01028
Divi's Laboratories Ltd.,Healthcare,DIVISLAB.NS,EQ,INE361B01024,http://www.moneycontrol.com/stocks/cptmarket/compsearchnew.php?search_data=&cid=&mbsearch_str=&topsearch_type=1&search_str=INE361B01024
Dixon Technologies (India) Ltd.,Consumer Durables,DIXON.NS,EQ,INE935N01020,http://www.moneycontrol.com/stocks/cptmarket/compsearchnew.php?search_data=&cid=&mbsearch_str=&topsearch_type=1&search_str=INE935N01020
Dr. Lal Path Labs Ltd.,Healthcare,LALPATHLAB.NS,EQ,INE600L01024,http://www.moneycontrol.com/stocks/cptmarket/compsearchnew.php?search_data=&cid=&mbsearch_str=&topsearch_type=1&search_str=INE600L01024
Dr. Reddy's Laboratories Ltd.,Healthcare,DRREDDY.NS,EQ,INE089A01023,http://www.moneycontrol.com/stocks/cptmarket/compsearchnew.php?search_data=&cid=&mbsearch_str=&topsearch_type=1&search_str=INE089A01023
Eicher Motors Ltd.,Automobile and Auto Components,EICHERMOT.NS,EQ,INE066A01021,http://www.moneycontrol.com/stocks/cptmarket/compsearchnew.php?search_data=&cid=&mbsearch_str=&topsearch_type=1&search_str=INE066A01021
Emami Ltd.,Fast Moving Consumer Goods,EMAMILTD.NS,EQ,INE548C01032,http://www.moneycontrol.com/stocks/cptmarket/compsearchnew.php?search_data=&cid=&mbsearch_str=&topsearch_type=1&search_str=INE548C01032
Escorts Kubota Ltd.,Capital Goods,ESCORTS.NS,EQ,INE042A01014,http://www.moneycontrol.com/stocks/cptmarket/compsearchnew.php?search_data=&cid=&mbsearch_str=&topsearch_type=1&search_str=INE042A01014
FSN E-Commerce Ventures Ltd.,Consumer Services,NYKAA.NS,EQ,INE388Y01029,http://www.moneycontrol.com/stocks/cptmarket/compsearchnew.php?search_data=&cid=&mbsearch_str=&topsearch_type=1&search_str=INE388Y01029
Federal Bank Ltd.,Financial Services,FEDERALBNK.NS,EQ,INE171A01029,http://www.moneycontrol.com/stocks/cptmarket/compsearchnew.php?search_data=&cid=&mbsearch_str=&topsearch_type=1&search_str=INE171A01029
Fortis Healthcare Ltd.,Healthcare,FORTIS.NS,EQ,INE061F01013,http://www.moneycontrol.com/stocks/cptmarket/compsearchnew.php?search_data=&cid=&mbsearch_str=&topsearch_type=1&search_str=INE061F01013
GAIL (India) Ltd.,Oil Gas & Consumable Fuels,GAIL.NS,EQ,INE129A01019,http://www.moneycontrol.com/stocks/cptmarket/compsearchnew.php?search_data=&cid=&mbsearch_str=&topsearch_type=1&search_str=INE129A01019
Gland Pharma Ltd.,Healthcare,GLAND.NS,EQ,INE068V01023,http://www.moneycontrol.com/stocks/cptmarket/compsearchnew.php?search_data=&cid=&mbsearch_str=&topsearch_type=1&search_str=INE068V01023
Godrej Consumer Products Ltd.,Fast Moving Consumer Goods,GODREJCP.NS,EQ,INE102D01028,http://www.moneycontrol.com/stocks/cptmarket/compsearchnew.php?search_data=&cid=&mbsearch_str=&topsearch_type=1&search_str=INE102D01028
Godrej Properties Ltd.,Realty,GODREJPROP.NS,EQ,INE484J01027,http://www.moneycontrol.com/stocks/cptmarket/compsearchnew.php?search_data=&cid=&mbsearch_str=&topsearch_type=1&search_str=INE484J01027
Grasim Industries Ltd.,Construction Materials,GRASIM.NS,EQ,INE047A01021,http://www.moneycontrol.com/stocks/cptmarket/compsearchnew.php?search_data=&cid=&mbsearch_str=&topsearch_type=1&search_str=INE047A01021
Gujarat Gas Ltd.,Oil Gas & Consumable Fuels,GUJGASLTD.NS,EQ,INE844O01030,http://www.moneycontrol.com/stocks/cptmarket/compsearchnew.php?search_data=&cid=&mbsearch_str=&topsearch_type=1&search_str=INE844O01030
Gujarat State Petronet Ltd.,Oil Gas & Consumable Fuels,GSPL.NS,EQ,INE246F01010,http://www.moneycontrol.com/stocks/cptmarket/compsearchnew.php?search_data=&cid=&mbsearch_str=&topsearch_type=1&search_str=INE246F01010
HCL Technologies Ltd.,Information Technology,HCLTECH.NS,EQ,INE860A01027,http://www.moneycontrol.com/stocks/cptmarket/compsearchnew.php?search_data=&cid=&mbsearch_str=&topsearch_type=1&search_str=INE860A01027
HDFC Asset Management Company Ltd.,Financial Services,HDFCAMC.NS,EQ,INE127D01025,http://www.moneycontrol.com/stocks/cptmarket/compsearchnew.php?search_data=&cid=&mbsearch_str=&topsearch_type=1&search_str=INE127D01025
HDFC Bank Ltd.,Financial Services,HDFCBANK.NS,EQ,INE040A01034,http://www.moneycontrol.com/stocks/cptmarket/compsearchnew.php?search_data=&cid=&mbsearch_str=&topsearch_type=1&search_str=INE040A01034
HDFC Life Insurance Company Ltd.,Financial Services,HDFCLIFE.NS,EQ,INE795G01014,http://www.moneycontrol.com/stocks/cptmarket/compsearchnew.php?search_data=&cid=&mbsearch_str=&topsearch_type=1&search_str=INE795G01014
Havells India Ltd.,Consumer Durables,HAVELLS.NS,EQ,INE176B01034,http://www.moneycontrol.com/stocks/cptmarket/compsearchnew.php?search_data=&cid=&mbsearch_str=&topsearch_type=1&search_str=INE176B01034
Hero MotoCorp Ltd.,Automobile and Auto Components,HEROMOTOCO.NS,EQ,INE158A01026,http://www.moneycontrol.com/stocks/cptmarket/compsearchnew.php?search_data=&cid=&mbsearch_str=&topsearch_type=1&search_str=INE158A01026
Hindalco Industries Ltd.,Metals & Mining,HINDALCO.NS,EQ,INE038A01020,http://www.moneycontrol.com/stocks/cptmarket/compsearchnew.php?search_data=&cid=&mbsearch_str=&topsearch_type=1&search_str=INE038A01020
Hindustan Aeronautics Ltd.,Capital Goods,HAL.NS,EQ,INE066F01012,http://www.moneycontrol.com/stocks/cptmarket/compsearchnew.php?search_data=&cid=&mbsearch_str=&topsearch_type=1&search_str=INE066F01012
Hindustan Petroleum Corporation Ltd.,Oil Gas & Consumable Fuels,HINDPETRO.NS,EQ,INE094A01015,http://www.moneycontrol.com/stocks/cptmarket/compsearchnew.php?search_data=&cid=&mbsearch_str=&topsearch_type=1&search_str=INE094A01015
Hindustan Unilever Ltd.,Fast Moving Consumer Goods,HINDUNILVR.NS,EQ,INE030A01027,http://www.moneycontrol.com/stocks/cptmarket/compsearchnew.php?search_data=&cid=&mbsearch_str=&topsearch_type=1&search_str=INE030A01027
Hindustan Zinc Ltd.,Metals & Mining,HINDZINC.NS,EQ,INE267A01025,http://www.moneycontrol.com/stocks/cptmarket/compsearchnew.php?search_data=&cid=&mbsearch_str=&topsearch_type=1&search_str=INE267A01025
Honeywell Automation India Ltd.,Capital Goods,HONAUT.NS,EQ,INE671A01010,http://www.moneycontrol.com/stocks/cptmarket/compsearchnew.php?search_data=&cid=&mbsearch_str=&topsearch_type=1&search_str=INE671A01010
Housing Development Finance Corporation Ltd.,Financial Services,HDFC.NS,EQ,INE001A01036,http://www.moneycontrol.com/stocks/cptmarket/compsearchnew.php?search_data=&cid=&mbsearch_str=&topsearch_type=1&search_str=INE001A01036
ICICI Bank Ltd.,Financial Services,ICICIBANK.NS,EQ,INE090A01021,http://www.moneycontrol.com/stocks/cptmarket/compsearchnew.php?search_data=&cid=&mbsearch_str=&topsearch_type=1&search_str=INE090A01021
ICICI Lombard General Insurance Company Ltd.,Financial Services,ICICIGI.NS,EQ,INE765G01017,http://www.moneycontrol.com/stocks/cptmarket/compsearchnew.php?search_data=&cid=&mbsearch_str=&topsearch_type=1&search_str=INE765G01017
ICICI Prudential Life Insurance Company Ltd.,Financial Services,ICICIPRULI.NS,EQ,INE726G01019,http://www.moneycontrol.com/stocks/cptmarket/compsearchnew.php?search_data=&cid=&mbsearch_str=&topsearch_type=1&search_str=INE726G01019
ICICI Securities Ltd.,Financial Services,ISEC.NS,EQ,INE763G01038,http://www.moneycontrol.com/stocks/cptmarket/compsearchnew.php?search_data=&cid=&mbsearch_str=&topsearch_type=1&search_str=INE763G01038
IDFC First Bank Ltd.,Financial Services,IDFCFIRSTB.NS,EQ,INE092T01019,http://www.moneycontrol.com/stocks/cptmarket/compsearchnew.php?search_data=&cid=&mbsearch_str=&topsearch_type=1&search_str=INE092T01019
ITC Ltd.,Fast Moving Consumer Goods,ITC.NS,EQ,INE154A01025,http://www.moneycontrol.com/stocks/cptmarket/compsearchnew.php?search_data=&cid=&mbsearch_str=&topsearch_type=1&search_str=INE154A01025
Indiamart Intermesh Ltd.,Consumer Services,INDIAMART.NS,EQ,INE933S01016,http://www.moneycontrol.com/stocks/cptmarket/compsearchnew.php?search_data=&cid=&mbsearch_str=&topsearch_type=1&search_str=INE933S01016
Indian Bank,Financial Services,INDIANB.NS,EQ,INE562A01011,http://www.moneycontrol.com/stocks/cptmarket/compsearchnew.php?search_data=&cid=&mbsearch_str=&topsearch_type=1&search_str=INE562A01011
Indian Energy Exchange Ltd.,Financial Services,IEX.NS,EQ,INE022Q01020,http://www.moneycontrol.com/stocks/cptmarket/compsearchnew.php?search_data=&cid=&mbsearch_str=&topsearch_type=1&search_str=INE022Q01020
Indian Hotels Co. Ltd.,Consumer Services,INDHOTEL.NS,EQ,INE053A01029,http://www.moneycontrol.com/stocks/cptmarket/compsearchnew.php?search_data=&cid=&mbsearch_str=&topsearch_type=1&search_str=INE053A01029
Indian Oil Corporation Ltd.,Oil Gas & Consumable Fuels,IOC.NS,EQ,INE242A01010,http://www.moneycontrol.com/stocks/cptmarket/compsearchnew.php?search_data=&cid=&mbsearch_str=&topsearch_type=1&search_str=INE242A01010
Indian Railway Catering And Tourism Corporation Ltd.,Consumer Services,IRCTC.NS,EQ,INE335Y01020,http://www.moneycontrol.com/stocks/cptmarket/compsearchnew.php?search_data=&cid=&mbsearch_str=&topsearch_type=1&search_str=INE335Y01020
Indraprastha Gas Ltd.,Oil Gas & Consumable Fuels,IGL.NS,EQ,INE203G01027,http://www.moneycontrol.com/stocks/cptmarket/compsearchnew.php?search_data=&cid=&mbsearch_str=&topsearch_type=1&search_str=INE203G01027
Indus Towers Ltd.,Telecommunication,INDUSTOWER.NS,EQ,INE121J01017,http://www.moneycontrol.com/stocks/cptmarket/compsearchnew.php?search_data=&cid=&mbsearch_str=&topsearch_type=1&search_str=INE121J01017
IndusInd Bank Ltd.,Financial Services,INDUSINDBK.NS,EQ,INE095A01012,http://www.moneycontrol.com/stocks/cptmarket/compsearchnew.php?search_data=&cid=&mbsearch_str=&topsearch_type=1&search_str=INE095A01012
Info Edge (India) Ltd.,Consumer Services,NAUKRI.NS,EQ,INE663F01024,http://www.moneycontrol.com/stocks/cptmarket/compsearchnew.php?search_data=&cid=&mbsearch_str=&topsearch_type=1&search_str=INE663F01024
Infosys Ltd.,Information Technology,INFY.NS,EQ,INE009A01021,http://www.moneycontrol.com/stocks/cptmarket/compsearchnew.php?search_data=&cid=&mbsearch_str=&topsearch_type=1&search_str=INE009A01021
InterGlobe Aviation Ltd.,Services,INDIGO.NS,EQ,INE646L01027,http://www.moneycontrol.com/stocks/cptmarket/compsearchnew.php?search_data=&cid=&mbsearch_str=&topsearch_type=1&search_str=INE646L01027
Ipca Laboratories Ltd.,Healthcare,IPCALAB.NS,EQ,INE571A01038,http://www.moneycontrol.com/stocks/cptmarket/compsearchnew.php?search_data=&cid=&mbsearch_str=&topsearch_type=1&search_str=INE571A01038
JSW Energy Ltd.,Power,JSWENERGY.NS,EQ,INE121E01018,http://www.moneycontrol.com/stocks/cptmarket/compsearchnew.php?search_data=&cid=&mbsearch_str=&topsearch_type=1&search_str=INE121E01018
JSW Steel Ltd.,Metals & Mining,JSWSTEEL.NS,EQ,INE019A01038,http://www.moneycontrol.com/stocks/cptmarket/compsearchnew.php?search_data=&cid=&mbsearch_str=&topsearch_type=1&search_str=INE019A01038
Jindal Steel & Power Ltd.,Metals & Mining,JINDALSTEL.NS,EQ,INE749A01030,http://www.moneycontrol.com/stocks/cptmarket/compsearchnew.php?search_data=&cid=&mbsearch_str=&topsearch_type=1&search_str=INE749A01030
Jubilant Foodworks Ltd.,Consumer Services,JUBLFOOD.NS,EQ,INE797F01020,http://www.moneycontrol.com/stocks/cptmarket/compsearchnew.php?search_data=&cid=&mbsearch_str=&topsearch_type=1&search_str=INE797F01020
Kotak Mahindra Bank Ltd.,Financial Services,KOTAKBANK.NS,EQ,INE237A01028,http://www.moneycontrol.com/stocks/cptmarket/compsearchnew.php?search_data=&cid=&mbsearch_str=&topsearch_type=1&search_str=INE237A01028
L&T Finance Holdings Ltd.,Financial Services,L&TFH.NS,EQ,INE498L01015,http://www.moneycontrol.com/stocks/cptmarket/compsearchnew.php?search_data=&cid=&mbsearch_str=&topsearch_type=1&search_str=INE498L01015
L&T Technology Services Ltd.,Information Technology,LTTS.NS,EQ,INE010V01017,http://www.moneycontrol.com/stocks/cptmarket/compsearchnew.php?search_data=&cid=&mbsearch_str=&topsearch_type=1&search_str=INE010V01017
LIC Housing Finance Ltd.,Financial Services,LICHSGFIN.NS,EQ,INE115A01026,http://www.moneycontrol.com/stocks/cptmarket/compsearchnew.php?search_data=&cid=&mbsearch_str=&topsearch_type=1&search_str=INE115A01026
LTIMindtree Ltd.,Information Technology,LTIM.NS,EQ,INE214T01019,http://www.moneycontrol.com/stocks/cptmarket/compsearchnew.php?search_data=&cid=&mbsearch_str=&topsearch_type=1&search_str=INE214T01019
Larsen & Toubro Ltd.,Construction,LT.NS,EQ,INE018A01030,http://www.moneycontrol.com/stocks/cptmarket/compsearchnew.php?search_data=&cid=&mbsearch_str=&topsearch_type=1&search_str=INE018A01030
Laurus Labs Ltd.,Healthcare,LAURUSLABS.NS,EQ,INE947Q01028,http://www.moneycontrol.com/stocks/cptmarket/compsearchnew.php?search_data=&cid=&mbsearch_str=&topsearch_type=1&search_str=INE947Q01028
Life Insurance Corporation of India,Financial Services,LICI.NS,EQ,INE0J1Y01017,http://www.moneycontrol.com/stocks/cptmarket/compsearchnew.php?search_data=&cid=&mbsearch_str=&topsearch_type=1&search_str=INE0J1Y01017
Linde India Ltd.,Chemicals,LINDEINDIA.NS,EQ,INE473A01011,http://www.moneycontrol.com/stocks/cptmarket/compsearchnew.php?search_data=&cid=&mbsearch_str=&topsearch_type=1&search_str=INE473A01011
Lupin Ltd.,Healthcare,LUPIN.NS,EQ,INE326A01037,http://www.moneycontrol.com/stocks/cptmarket/compsearchnew.php?search_data=&cid=&mbsearch_str=&topsearch_type=1&search_str=INE326A01037
MRF Ltd.,Automobile and Auto Components,MRF.NS,EQ,INE883A01011,http://www.moneycontrol.com/stocks/cptmarket/compsearchnew.php?search_data=&cid=&mbsearch_str=&topsearch_type=1&search_str=INE883A01011
Mahindra & Mahindra Financial Services Ltd.,Financial Services,M&MFIN.NS,EQ,INE774D01024,http://www.moneycontrol.com/stocks/cptmarket/compsearchnew.php?search_data=&cid=&mbsearch_str=&topsearch_type=1&search_str=INE774D01024
Mahindra & Mahindra Ltd.,Automobile and Auto Components,M&M.NS,EQ,INE101A01026,http://www.moneycontrol.com/stocks/cptmarket/compsearchnew.php?search_data=&cid=&mbsearch_str=&topsearch_type=1&search_str=INE101A01026
Marico Ltd.,Fast Moving Consumer Goods,MARICO.NS,EQ,INE196A01026,http://www.moneycontrol.com/stocks/cptmarket/compsearchnew.php?search_data=&cid=&mbsearch_str=&topsearch_type=1&search_str=INE196A01026
Maruti Suzuki India Ltd.,Automobile and Auto Components,MARUTI.NS,EQ,INE585B01010,http://www.moneycontrol.com/stocks/cptmarket/compsearchnew.php?search_data=&cid=&mbsearch_str=&topsearch_type=1&search_str=INE585B01010
Max Financial Services Ltd.,Financial Services,MFSL.NS,EQ,INE180A01020,http://www.moneycontrol.com/stocks/cptmarket/compsearchnew.php?search_data=&cid=&mbsearch_str=&topsearch_type=1&search_str=INE180A01020
Max Healthcare Institute Ltd.,Healthcare,MAXHEALTH.NS,EQ,INE027H01010,http://www.moneycontrol.com/stocks/cptmarket/compsearchnew.php?search_data=&cid=&mbsearch_str=&topsearch_type=1&search_str=INE027H01010
Motherson Sumi Wiring India Ltd.,Automobile and Auto Components,MSUMI.NS,EQ,INE0FS801015,http://www.moneycontrol.com/stocks/cptmarket/compsearchnew.php?search_data=&cid=&mbsearch_str=&topsearch_type=1&search_str=INE0FS801015
MphasiS Ltd.,Information Technology,MPHASIS.NS,EQ,INE356A01018,http://www.moneycontrol.com/stocks/cptmarket/compsearchnew.php?search_data=&cid=&mbsearch_str=&topsearch_type=1&search_str=INE356A01018
Muthoot Finance Ltd.,Financial Services,MUTHOOTFIN.NS,EQ,INE414G01012,http://www.moneycontrol.com/stocks/cptmarket/compsearchnew.php?search_data=&cid=&mbsearch_str=&topsearch_type=1&search_str=INE414G01012
NTPC Ltd.,Power,NTPC.NS,EQ,INE733E01010,http://www.moneycontrol.com/stocks/cptmarket/compsearchnew.php?search_data=&cid=&mbsearch_str=&topsearch_type=1&search_str=INE733E01010
National Aluminium Co. Ltd.,Metals & Mining,NATIONALUM.NS,EQ,INE139A01034,http://www.moneycontrol.com/stocks/cptmarket/compsearchnew.php?search_data=&cid=&mbsearch_str=&topsearch_type=1&search_str=INE139A01034
Navin Fluorine International Ltd.,Chemicals,NAVINFLUOR.NS,EQ,INE048G01026,http://www.moneycontrol.com/stocks/cptmarket/compsearchnew.php?search_data=&cid=&mbsearch_str=&topsearch_type=1&search_str=INE048G01026
Nestle India Ltd.,Fast Moving Consumer Goods,NESTLEIND.NS,EQ,INE239A01016,http://www.moneycontrol.com/stocks/cptmarket/compsearchnew.php?search_data=&cid=&mbsearch_str=&topsearch_type=1&search_str=INE239A01016
Nippon Life India Asset Management Ltd.,Financial Services,NAM-INDIA.NS,EQ,INE298J01013,http://www.moneycontrol.com/stocks/cptmarket/compsearchnew.php?search_data=&cid=&mbsearch_str=&topsearch_type=1&search_str=INE298J01013
Oberoi Realty Ltd.,Realty,OBEROIRLTY.NS,EQ,INE093I01010,http://www.moneycontrol.com/stocks/cptmarket/compsearchnew.php?search_data=&cid=&mbsearch_str=&topsearch_type=1&search_str=INE093I01010
Oil & Natural Gas Corporation Ltd.,Oil Gas & Consumable Fuels,ONGC.NS,EQ,INE213A01029,http://www.moneycontrol.com/stocks/cptmarket/compsearchnew.php?search_data=&cid=&mbsearch_str=&topsearch_type=1&search_str=INE213A01029
Oil India Ltd.,Oil Gas & Consumable Fuels,OIL.NS,EQ,INE274J01014,http://www.moneycontrol.com/stocks/cptmarket/compsearchnew.php?search_data=&cid=&mbsearch_str=&topsearch_type=1&search_str=INE274J01014
One 97 Communications Ltd.,Financial Services,PAYTM.NS,EQ,INE982J01020,http://www.moneycontrol.com/stocks/cptmarket/compsearchnew.php?search_data=&cid=&mbsearch_str=&topsearch_type=1&search_str=INE982J01020
Oracle Financial Services Software Ltd.,Information Technology,OFSS.NS,EQ,INE881D01027,http://www.moneycontrol.com/stocks/cptmarket/compsearchnew.php?search_data=&cid=&mbsearch_str=&topsearch_type=1&search_str=INE881D01027
PB Fintech Ltd.,Financial Services,POLICYBZR.NS,EQ,INE417T01026,http://www.moneycontrol.com/stocks/cptmarket/compsearchnew.php?search_data=&cid=&mbsearch_str=&topsearch_type=1&search_str=INE417T01026
PI Industries Ltd.,Chemicals,PIIND.NS,EQ,INE603J01030,http://www.moneycontrol.com/stocks/cptmarket/compsearchnew.php?search_data=&cid=&mbsearch_str=&topsearch_type=1&search_str=INE603J01030
Page Industries Ltd.,Textiles,PAGEIND.NS,EQ,INE761H01022,http://www.moneycontrol.com/stocks/cptmarket/compsearchnew.php?search_data=&cid=&mbsearch_str=&topsearch_type=1&search_str=INE761H01022
Patanjali Foods Ltd.,Fast Moving Consumer Goods,PATANJALI.NS,BE,INE619A01035,http://www.moneycontrol.com/stocks/cptmarket/compsearchnew.php?search_data=&cid=&mbsearch_str=&topsearch_type=1&search_str=INE619A01035
Persistent Systems Ltd.,Information Technology,PERSISTENT.NS,EQ,INE262H01013,http://www.moneycontrol.com/stocks/cptmarket/compsearchnew.php?search_data=&cid=&mbsearch_str=&topsearch_type=1&search_str=INE262H01013
Petronet LNG Ltd.,Oil Gas & Consumable Fuels,PETRONET.NS,EQ,INE347G01014,http://www.moneycontrol.com/stocks/cptmarket/compsearchnew.php?search_data=&cid=&mbsearch_str=&topsearch_type=1&search_str=INE347G01014
Pidilite Industries Ltd.,Chemicals,PIDILITIND.NS,EQ,INE318A01026,http://www.moneycontrol.com/stocks/cptmarket/compsearchnew.php?search_data=&cid=&mbsearch_str=&topsearch_type=1&search_str=INE318A01026
Polycab India Ltd.,Capital Goods,POLYCAB.NS,EQ,INE455K01017,http://www.moneycontrol.com/stocks/cptmarket/compsearchnew.php?search_data=&cid=&mbsearch_str=&topsearch_type=1&search_str=INE455K01017
Poonawalla Fincorp Ltd.,Financial Services,POONAWALLA.NS,EQ,INE511C01022,http://www.moneycontrol.com/stocks/cptmarket/compsearchnew.php?search_data=&cid=&mbsearch_str=&topsearch_type=1&search_str=INE511C01022
Power Finance Corporation Ltd.,Financial Services,PFC.NS,EQ,INE134E01011,http://www.moneycontrol.com/stocks/cptmarket/compsearchnew.php?search_data=&cid=&mbsearch_str=&topsearch_type=1&search_str=INE134E01011
Power Grid Corporation of India Ltd.,Power,POWERGRID.NS,EQ,INE752E01010,http://www.moneycontrol.com/stocks/cptmarket/compsearchnew.php?search_data=&cid=&mbsearch_str=&topsearch_type=1&search_str=INE752E01010
Prestige Estates Projects Ltd.,Realty,PRESTIGE.NS,EQ,INE811K01011,http://www.moneycontrol.com/stocks/cptmarket/compsearchnew.php?search_data=&cid=&mbsearch_str=&topsearch_type=1&search_str=INE811K01011
Procter & Gamble Hygiene & Health Care Ltd.,Fast Moving Consumer Goods,PGHH.NS,EQ,INE179A01014,http://www.moneycontrol.com/stocks/cptmarket/compsearchnew.php?search_data=&cid=&mbsearch_str=&topsearch_type=1&search_str=INE179A01014
Punjab National Bank,Financial Services,PNB.NS,EQ,INE160A01022,http://www.moneycontrol.com/stocks/cptmarket/compsearchnew.php?search_data=&cid=&mbsearch_str=&topsearch_type=1&search_str=INE160A01022
REC Ltd.,Financial Services,RECLTD.NS,EQ,INE020B01018,http://www.moneycontrol.com/stocks/cptmarket/compsearchnew.php?search_data=&cid=&mbsearch_str=&topsearch_type=1&search_str=INE020B01018
Reliance Industries Ltd.,Oil Gas & Consumable Fuels,RELIANCE.NS,EQ,INE002A01018,http://www.moneycontrol.com/stocks/cptmarket/compsearchnew.php?search_data=&cid=&mbsearch_str=&topsearch_type=1&search_str=INE002A01018
SBI Cards and Payment Services Ltd.,Financial Services,SBICARD.NS,EQ,INE018E01016,http://www.moneycontrol.com/stocks/cptmarket/compsearchnew.php?search_data=&cid=&mbsearch_str=&topsearch_type=1&search_str=INE018E01016
SBI Life Insurance Company Ltd.,Financial Services,SBILIFE.NS,EQ,INE123W01016,http://www.moneycontrol.com/stocks/cptmarket/compsearchnew.php?search_data=&cid=&mbsearch_str=&topsearch_type=1&search_str=INE123W01016
SRF Ltd.,Chemicals,SRF.NS,EQ,INE647A01010,http://www.moneycontrol.com/stocks/cptmarket/compsearchnew.php?search_data=&cid=&mbsearch_str=&topsearch_type=1&search_str=INE647A01010
Samvardhana Motherson International Ltd.,Automobile and Auto Components,MOTHERSON.NS,EQ,INE775A01035,http://www.moneycontrol.com/stocks/cptmarket/compsearchnew.php?search_data=&cid=&mbsearch_str=&topsearch_type=1&search_str=INE775A01035
Shree Cement Ltd.,Construction Materials,SHREECEM.NS,EQ,INE070A01015,http://www.moneycontrol.com/stocks/cptmarket/compsearchnew.php?search_data=&cid=&mbsearch_str=&topsearch_type=1&search_str=INE070A01015
Shriram Finance Ltd.,Financial Services,SHRIRAMFIN.NS,EQ,INE721A01013,http://www.moneycontrol.com/stocks/cptmarket/compsearchnew.php?search_data=&cid=&mbsearch_str=&topsearch_type=1&search_str=INE721A01013
Siemens Ltd.,Capital Goods,SIEMENS.NS,EQ,INE003A01024,http://www.moneycontrol.com/stocks/cptmarket/compsearchnew.php?search_data=&cid=&mbsearch_str=&topsearch_type=1&search_str=INE003A01024
Sona BLW Precision Forgings Ltd.,Automobile and Auto Components,SONACOMS.NS,EQ,INE073K01018,http://www.moneycontrol.com/stocks/cptmarket/compsearchnew.php?search_data=&cid=&mbsearch_str=&topsearch_type=1&search_str=INE073K01018
State Bank of India,Financial Services,SBIN.NS,EQ,INE062A01020,http://www.moneycontrol.com/stocks/cptmarket/compsearchnew.php?search_data=&cid=&mbsearch_str=&topsearch_type=1&search_str=INE062A01020
Steel Authority of India Ltd.,Metals & Mining,SAIL.NS,EQ,INE114A01011,http://www.moneycontrol.com/stocks/cptmarket/compsearchnew.php?search_data=&cid=&mbsearch_str=&topsearch_type=1&search_str=INE114A01011
Sun Pharmaceutical Industries Ltd.,Healthcare,SUNPHARMA.NS,EQ,INE044A01036,http://www.moneycontrol.com/stocks/cptmarket/compsearchnew.php?search_data=&cid=&mbsearch_str=&topsearch_type=1&search_str=INE044A01036
Sun TV Network Ltd.,Media Entertainment & Publication,SUNTV.NS,EQ,INE424H01027,http://www.moneycontrol.com/stocks/cptmarket/compsearchnew.php?search_data=&cid=&mbsearch_str=&topsearch_type=1&search_str=INE424H01027
Syngene International Ltd.,Healthcare,SYNGENE.NS,EQ,INE398R01022,http://www.moneycontrol.com/stocks/cptmarket/compsearchnew.php?search_data=&cid=&mbsearch_str=&topsearch_type=1&search_str=INE398R01022
TVS Motor Company Ltd.,Automobile and Auto Components,TVSMOTOR.NS,EQ,INE494B01023,http://www.moneycontrol.com/stocks/cptmarket/compsearchnew.php?search_data=&cid=&mbsearch_str=&topsearch_type=1&search_str=INE494B01023
Tata Chemicals Ltd.,Chemicals,TATACHEM.NS,EQ,INE092A01019,http://www.moneycontrol.com/stocks/cptmarket/compsearchnew.php?search_data=&cid=&mbsearch_str=&topsearch_type=1&search_str=INE092A01019
Tata Communications Ltd.,Telecommunication,TATACOMM.NS,EQ,INE151A01013,http://www.moneycontrol.com/stocks/cptmarket/compsearchnew.php?search_data=&cid=&mbsearch_str=&topsearch_type=1&search_str=INE151A01013
Tata Consultancy Services Ltd.,Information Technology,TCS.NS,EQ,INE467B01029,http://www.moneycontrol.com/stocks/cptmarket/compsearchnew.php?search_data=&cid=&mbsearch_str=&topsearch_type=1&search_str=INE467B01029
Tata Consumer Products Ltd.,Fast Moving Consumer Goods,TATACONSUM.NS,EQ,INE192A01025,http://www.moneycontrol.com/stocks/cptmarket/compsearchnew.php?search_data=&cid=&mbsearch_str=&topsearch_type=1&search_str=INE192A01025
Tata Elxsi Ltd.,Information Technology,TATAELXSI.NS,EQ,INE670A01012,http://www.moneycontrol.com/stocks/cptmarket/compsearchnew.php?search_data=&cid=&mbsearch_str=&topsearch_type=1&search_str=INE670A01012
Tata Motors Ltd.,Automobile and Auto Components,TATAMOTORS.NS,EQ,INE155A01022,http://www.moneycontrol.com/stocks/cptmarket/compsearchnew.php?search_data=&cid=&mbsearch_str=&topsearch_type=1&search_str=INE155A01022
Tata Power Co. Ltd.,Power,TATAPOWER.NS,EQ,INE245A01021,http://www.moneycontrol.com/stocks/cptmarket/compsearchnew.php?search_data=&cid=&mbsearch_str=&topsearch_type=1&search_str=INE245A01021
Tata Steel Ltd.,Metals & Mining,TATASTEEL.NS,EQ,INE081A01020,http://www.moneycontrol.com/stocks/cptmarket/compsearchnew.php?search_data=&cid=&mbsearch_str=&topsearch_type=1&search_str=INE081A01020
Tata Teleservices (Maharashtra) Ltd.,Telecommunication,TTML.NS,EQ,INE517B01013,http://www.moneycontrol.com/stocks/cptmarket/compsearchnew.php?search_data=&cid=&mbsearch_str=&topsearch_type=1&search_str=INE517B01013
Tech Mahindra Ltd.,Information Technology,TECHM.NS,EQ,INE669C01036,http://www.moneycontrol.com/stocks/cptmarket/compsearchnew.php?search_data=&cid=&mbsearch_str=&topsearch_type=1&search_str=INE669C01036
The Ramco Cements Ltd.,Construction Materials,RAMCOCEM.NS,EQ,INE331A01037,http://www.moneycontrol.com/stocks/cptmarket/compsearchnew.php?search_data=&cid=&mbsearch_str=&topsearch_type=1&search_str=INE331A01037
Titan Company Ltd.,Consumer Durables,TITAN.NS,EQ,INE280A01028,http://www.moneycontrol.com/stocks/cptmarket/compsearchnew.php?search_data=&cid=&mbsearch_str=&topsearch_type=1&search_str=INE280A01028
Torrent Pharmaceuticals Ltd.,Healthcare,TORNTPHARM.NS,EQ,INE685A01028,http://www.moneycontrol.com/stocks/cptmarket/compsearchnew.php?search_data=&cid=&mbsearch_str=&topsearch_type=1&search_str=INE685A01028
Torrent Power Ltd.,Power,TORNTPOWER.NS,EQ,INE813H01021,http://www.moneycontrol.com/stocks/cptmarket/compsearchnew.php?search_data=&cid=&mbsearch_str=&topsearch_type=1&search_str=INE813H01021
Trent Ltd.,Consumer Services,TRENT.NS,EQ,INE849A01020,http://www.moneycontrol.com/stocks/cptmarket/compsearchnew.php?search_data=&cid=&mbsearch_str=&topsearch_type=1&search_str=INE849A01020
Trident Ltd.,Textiles,TRIDENT.NS,EQ,INE064C01022,http://www.moneycontrol.com/stocks/cptmarket/compsearchnew.php?search_data=&cid=&mbsearch_str=&topsearch_type=1&search_str=INE064C01022
Tube Investments of India Ltd.,Automobile and Auto Components,TIINDIA.NS,EQ,INE974X01010,http://www.moneycontrol.com/stocks/cptmarket/compsearchnew.php?search_data=&cid=&mbsearch_str=&topsearch_type=1&search_str=INE974X01010
UPL Ltd.,Chemicals,UPL.NS,EQ,INE628A01036,http://www.moneycontrol.com/stocks/cptmarket/compsearchnew.php?search_data=&cid=&mbsearch_str=&topsearch_type=1&search_str=INE628A01036
UltraTech Cement Ltd.,Construction Materials,ULTRACEMCO.NS,EQ,INE481G01011,http://www.moneycontrol.com/stocks/cptmarket/compsearchnew.php?search_data=&cid=&mbsearch_str=&topsearch_type=1&search_str=INE481G01011
Union Bank of India,Financial Services,UNIONBANK.NS,EQ,INE692A01016,http://www.moneycontrol.com/stocks/cptmarket/compsearchnew.php?search_data=&cid=&mbsearch_str=&topsearch_type=1&search_str=INE692A01016
United Breweries Ltd.,Fast Moving Consumer Goods,UBL.NS,EQ,INE686F01025,http://www.moneycontrol.com/stocks/cptmarket/compsearchnew.php?search_data=&cid=&mbsearch_str=&topsearch_type=1&search_str=INE686F01025
United Spirits Ltd.,Fast Moving Consumer Goods,MCDOWELL-N.NS,EQ,INE854D01024,http://www.moneycontrol.com/stocks/cptmarket/compsearchnew.php?search_data=&cid=&mbsearch_str=&topsearch_type=1&search_str=INE854D01024
Varun Beverages Ltd.,Fast Moving Consumer Goods,VBL.NS,EQ,INE200M01013,http://www.moneycontrol.com/stocks/cptmarket/compsearchnew.php?search_data=&cid=&mbsearch_str=&topsearch_type=1&search_str=INE200M01013
Vedanta Ltd.,Metals & Mining,VEDL.NS,EQ,INE205A01025,http://www.moneycontrol.com/stocks/cptmarket/compsearchnew.php?search_data=&cid=&mbsearch_str=&topsearch_type=1&search_str=INE205A01025
Vodafone Idea Ltd.,Telecommunication,IDEA.NS,EQ,INE669E01016,http://www.moneycontrol.com/stocks/cptmarket/compsearchnew.php?search_data=&cid=&mbsearch_str=&topsearch_type=1&search_str=INE669E01016
Voltas Ltd.,Consumer Durables,VOLTAS.NS,EQ,INE226A01021,http://www.moneycontrol.com/stocks/cptmarket/compsearchnew.php?search_data=&cid=&mbsearch_str=&topsearch_type=1&search_str=INE226A01021
Whirlpool of India Ltd.,Consumer Durables,WHIRLPOOL.NS,EQ,INE716A01013,http://www.moneycontrol.com/stocks/cptmarket/compsearchnew.php?search_data=&cid=&mbsearch_str=&topsearch_type=1&search_str=INE716A01013
Wipro Ltd.,Information Technology,WIPRO.NS,EQ,INE075A01022,http://www.moneycontrol.com/stocks/cptmarket/compsearchnew.php?search_data=&cid=&mbsearch_str=&topsearch_type=1&search_str=INE075A01022
Yes Bank Ltd.,Financial Services,YESBANK.NS,EQ,INE528G01035,http://www.moneycontrol.com/stocks/cptmarket/compsearchnew.php?search_data=&cid=&mbsearch_str=&topsearch_type=1&search_str=INE528G01035
Zee Entertainment Enterprises Ltd.,Media Entertainment & Publication,ZEEL.NS,EQ,INE256A01028,http://www.moneycontrol.com/stocks/cptmarket/compsearchnew.php?search_data=&cid=&mbsearch_str=&topsearch_type=1&search_str=INE256A01028
Zomato Ltd.,Consumer Services,ZOMATO.NS,EQ,INE758T01015,http://www.moneycontrol.com/stocks/cptmarket/compsearchnew.php?search_data=&cid=&mbsearch_str=&topsearch_type=1&search_str=INE758T01015
Zydus Lifesciences Ltd.,Healthcare,ZYDUSLIFE.NS,EQ,INE010B01027,http://www.moneycontrol.com/stocks/cptmarket/compsearchnew.php?search_data=&cid=&mbsearch_str=&topsearch_type=1&search_str=INE010B01027
